Workbook

Sheet 总表
B3: 环温23℃ | F3: 设备编号 | G3: 测温点通过个数 | H3: 测温点不通过个数 | I3: 是否合格 | J3: 合格率 | K3: cpk
F4: 0001 | G4: ='60min3m'!U9+'10min3m'!U9+'30min3m'!U9 -> 2 | H4: ='60min3m'!V9+'10min3m'!V9+'30min3m'!V9 -> 0 | K4: =AVERAGE('60min3m'!D33,'30min3m'!D33,'10min3m'!D33) -> 1.5018577
F5: 0002 | G5: ='60min3m'!U10+'10min3m'!U10+'30min3m'!U10 -> 0 | H5: ='60min3m'!V10+'10min3m'!V10+'30min3m'!V10 -> 0
F6: 0003 | G6: ='60min3m'!U11+'10min3m'!U11+'30min3m'!U11 -> 0 | H6: ='60min3m'!V11+'10min3m'!V11+'30min3m'!V11 -> 0
F7: 0004 | G7: ='60min3m'!U12+'10min3m'!U12+'30min3m'!U12 -> 0 | H7: ='60min3m'!V12+'10min3m'!V12+'30min3m'!V12 -> 0
F8: 0005 | G8: ='60min3m'!U13+'10min3m'!U13+'30min3m'!U13 -> 0 | H8: ='60min3m'!V13+'10min3m'!V13+'30min3m'!V13 -> 0
B9: 测试距离：1m~5m 测试时间：10min~60min | F9: 0006 | G9: ='60min3m'!U14+'10min3m'!U14+'30min3m'!U14 -> 2 | H9: ='60min3m'!V14+'10min3m'!V14+'30min3m'!V14 -> 0
F10: 0007 | G10: ='60min3m'!U15+'10min3m'!U15+'30min3m'!U15 -> 0 | H10: ='60min3m'!V15+'10min3m'!V15+'30min3m'!V15 -> 0
F11: 0008 | G11: ='60min3m'!U16+'10min3m'!U16+'30min3m'!U16 -> 0 | H11: ='60min3m'!V16+'10min3m'!V16+'30min3m'!V16 -> 0
F12: 0009 | G12: ='60min3m'!U17+'10min3m'!U17+'30min3m'!U17 -> 0 | H12: ='60min3m'!V17+'10min3m'!V17+'30min3m'!V17 -> 0

Sheet 60min3m
B1: 环温（℃） | D1: 23
A3: 设备信息 | B3: 测温范围 | D3: -40~150 | K3: 100~800 | U3: 单台设备通过个数 | V3: 单台设备不通过个数
B4: 黑体温度（℃） | D4: -10 | E4: 0 | F4: 20 | G4: 35 | H4: 50 | I4: 100 | J4: 150 | K4: 100 | L4: 150 | M4: 200 | N4: 250 | O4: 300 | P4: 350 | Q4: 400 | R4: 450 | S4: 650 | T4: 800
B5: 黑体类型 | D5: FLUKE 4180 | F5: Kelvin 低温黑体 | I5: Kelvin 中温黑体 | K5: Kelvin 中温黑体 | R5: Kelvin 高温黑体
B6: 黑体发射率 | D6: 1.0
B7: 测温距离（米） | D7: 3
B8: 测温时间（分钟） | D8: 10
B9: 设备SN号 | C9: 0001 | D9: -10.5 | E9: 0.1 | F9: 19.6 | G9: 34.3 | H9: 49.4 | I9: 99.3 | J9: 149.2 | K9: 99.4 | L9: 150.2 | M9: 199.3 | N9: 249.2 | O9: 300.1 | P9: 350.7 | Q9: 401.3 | R9: 451.7 | S9: 649 | T9: 798.5 | U9: =COUNTA(A) -> 1
C10: 0002 | D10: -7.3 | E10: 2.4 | F10: 20.7 | G10: 35.3 | H10: 50.3 | I10: 100.1 | J10: 150 | K10: 102.7 | L10: 152 | M10: 200.5 | N10: 249 | O10: 299.4 | P10: 349.4 | Q10: 399.6 | R10: 450.5 | S10: 649.5 | T10: 802.6
C11: 0003 | D11: -10 | E11: 0.5 | F11: 20 | G11: 34.6 | H11: 49.8 | I11: 99.9 | J11: 150.1 | K11: 100.9 | L11: 151.5 | M11: 201 | N11: 250.4 | O11: 301.1 | P11: 352.1 | Q11: 402.3 | R11: 453.6 | S11: 650.5 | T11: 800.6
C12: 0004 | D12: -9.7 | E12: 1.2 | F12: 20 | G12: 34.8 | H12: 49 | I12: 100.2 | J12: 150.5 | K12: 99.8 | L12: 150.5 | M12: 199.9 | N12: 249.4 | O12: 299.3 | P12: 349.9 | Q12: 400 | R12: 450.5 | S12: 649.5 | T12: 801.7
C13: 0005 | D13: -9.5 | E13: 0.9 | F13: 20 | G13: 34.8 | H13: 49.9 | I13: 100.2 | J13: 151.6 | K13: 98.5 | L13: 150.3 | M13: 199.9 | N13: 249 | O13: 299.5 | P13: 350.5 | Q13: 401.4 | R13: 452.1 | S13: 651.2 | T13: 805.8
C14: 0006 | D14: -9.1 | E14: 1.2 | F14: 20.1 | G14: 34.8 | H14: 49.9 | I14: 99.6 | J14: 149.5 | K14: 101.2 | L14: 150.9 | M14: 199.9 | N14: 248.7 | O14: 298.8 | P14: 348.9 | Q14: 398.7 | R14: 448.6 | S14: 646 | T14: 796.8 | U14: =COUNTA(A) -> 1
C15: 0007 | D15: -9.5 | E15: 1.2 | F15: 19.8 | G15: 34.4 | H15: 49.4 | I15: 99.2 | J15: 149.3 | K15: 99.5 | L15: 151 | M15: 200.5 | N15: 250.2 | O15: 301 | P15: 351.6 | Q15: 402 | R15: 452.6 | S15: 651.9 | T15: 802.6
C16: 0008 | D16: -9.2 | E16: 0.7 | F16: 19.7 | G16: 34.4 | H16: 49.8 | I16: 99.8 | J16: 150.2 | K16: 103.5 | L16: 153.4 | M16: 202.5 | N16: 251.3 | O16: 302.3 | P16: 352.2 | Q16: 403.4 | R16: 455.8 | S16: 656 | T16: 808.4
C17: 0009 | D17: -8.9 | E17: 1.3 | F17: 20.8 | G17: 35.4 | H17: 50.3 | I17: 100.2 | J17: 150.3 | K17: 99.3 | L17: 150.1 | M17: 199.3 | N17: 248.6 | O17: 299.3 | P17: 349.7 | Q17: 399.4 | R17: 449.8 | S17: 646.7 | T17: 792
A18: 整体情况 | B18: 精度（±x℃或±x%℃） | D18: 3 | E18: 3 | F18: 2 | G18: 2 | H18: 2 | I18: 2 | J18: 2 | K18: 2 | L18: 2 | M18: 2 | N18: 2 | O18: 2 | P18: 2 | Q18: 2 | R18: 2 | S18: 2 | T18: 2
B19: 允许误差（℃） | D19: =MAX(D18,D4*D18/100) -> 3 | E19: =MAX(E18,E4*E18/100) -> 3 | F19: =MAX(F18,F4*F18/100) -> 2 | G19: =MAX(G18,G4*G18/100) -> 2 | H19: =MAX(H18,H4*H18/100) -> 2 | I19: =MAX(I18,I4*I18/100) -> 2 | J19: =MAX(J18,J4*J18/100) -> 3 | K19: =MAX(K18,K4*K18/100) -> 2 | ... T19: =MAX(T18,T4*T18/100) -> 16
B20: 精度上限 | D20: =D4+D19 -> -7 | E20: =E4+E19 -> 3 | F20: =F4+F19 -> 22 | G20: =G4+G19 -> 37 | H20: =H4+H19 -> 52 | I20: =I4+I19 -> 102 | J20: =J4+J19 -> 153 | K20: =K4+K19 -> 102 | ... T20: =T4+T19 -> 816
B21: 精度下限 | D21: =D4-D19 -> -13 | E21: =E4-E19 -> -3 | F21: =F4-F19 -> 18 | G21: =G4-G19 -> 33 | H21: =H4-H19 -> 48 | I21: =I4-I19 -> 98 | J21: =J4-J19 -> 147 | K21: =K4-K19 -> 98 | ... T21: =T4-T19 -> 784
B22: 通过个数 | D22: =COUNTIFS(D9:D17,"<"&D20,D9:D17,">"&D21) -> 9 | E22: =COUNTIFS(E9:E17,"<"&E20,E9:E17,">"&E21) -> 9 | F22: =COUNTIFS(F9:F17,"<"&F20,F9:F17,">"&F21) -> 9 | G22: =COUNTIFS(G9:G17,"<"&G20,G9:G17,">"&G21) -> 9 | H22: =COUNTIFS(H9:H17,"<"&H20,H9:H17,">"&H21) -> 9 | I22: =COUNTIFS(I9:I17,"<"&I20,I9:I17,">"&I21) -> 9 | J22: =COUNTIFS(J9:J17,"<"&J20,J9:J17,">"&J21) -> 9 | K22: =COUNTIFS(K9:K17,"<"&K20,K9:K17,">"&K21) -> 7 | ... T22: =COUNTIFS(T9:T17,"<"&T20,T9:T17,">"&T21) -> 9
B23: 不通过个数 | D23: =COUNTA(D9:D17)-D22 -> 0 | E23: =COUNTA(E9:E17)-E22 -> 0 | F23: =COUNTA(F9:F17)-F22 -> 0 | G23: =COUNTA(G9:G17)-G22 -> 0 | H23: =COUNTA(H9:H17)-H22 -> 0 | I23: =COUNTA(I9:I17)-I22 -> 0 | J23: =COUNTA(J9:J17)-J22 -> 0 | K23: =COUNTA(K9:K17)-K22 -> 2 | ... T23: =COUNTA(T9:T17)-T22 -> 0
B24: 通过率 | D24: =IFERROR((D22/(D22+D23)),"--") -> 1 | E24: =IFERROR((E22/(E22+E23)),"--") -> 1 | F24: =IFERROR((F22/(F22+F23)),"--") -> 1 | G24: =IFERROR((G22/(G22+G23)),"--") -> 1 | H24: =IFERROR((H22/(H22+H23)),"--") -> 1 | I24: =IFERROR((I22/(I22+I23)),"--") -> 1 | J24: =IFERROR((J22/(J22+J23)),"--") -> 1 | K24: =IFERROR((K22/(K22+K23)),"--") -> 0.77777778 | ... T24: =IFERROR((T22/(T22+T23)),"--") -> 1
A25: CPK | B25: LSL（规格下限） | D25: =D20 -> -7 | E25: =E20 -> 3 | F25: =F20 -> 22 | G25: =G20 -> 37 | H25: =H20 -> 52 | I25: =I20 -> 102 | J25: =J20 -> 153 | K25: =K20 -> 102 | ... T25: =T20 -> 816
B26: USL（规格上限） | D26: =D21 -> -13 | E26: =E21 -> -3 | F26: =F21 -> 18 | G26: =G21 -> 33 | H26: =H21 -> 48 | I26: =I21 -> 98 | J26: =J21 -> 147 | K26: =K21 -> 98 | ... T26: =T21 -> 784
B27: 均值 | D27: =IFERROR(AVERAGE(D9:D17),"--") -> -9.3 | E27: =IFERROR(AVERAGE(E9:E17),"--") -> 1.0555556 | F27: =IFERROR(AVERAGE(F9:F17),"--") -> 20.077778 | G27: =IFERROR(AVERAGE(G9:G17),"--") -> 34.755556 | H27: =IFERROR(AVERAGE(H9:H17),"--") -> 49.755556 | I27: =IFERROR(AVERAGE(I9:I17),"--") -> 99.833333 | J27: =IFERROR(AVERAGE(J9:J17),"--") -> 150.07778 | K27: =IFERROR(AVERAGE(K9:K17),"--") -> 100.53333 | ... T27: =IFERROR(AVERAGE(T9:T17),"--") -> 801
B28: 平均误差 | D28: =IFERROR(D27-D4,"--") -> 0.7 | E28: =IFERROR(E27-E4,"--") -> 1.0555556 | F28: =IFERROR(F27-F4,"--") -> 0.077777778 | G28: =IFERROR(G27-G4,"--") -> -0.24444444 | H28: =IFERROR(H27-H4,"--") -> -0.24444444 | I28: =IFERROR(I27-I4,"--") -> -0.16666667 | J28: =IFERROR(J27-J4,"--") -> 0.077777778 | K28: =IFERROR(K27-K4,"--") -> 0.53333333 | ... T28: =IFERROR(T27-T4,"--") -> 1
B29: 均方误差 | D29: =IFERROR(STDEV(D9:D17),"--") -> 0.89302855 | E29: =IFERROR(STDEV(E9:E17),"--") -> 0.64247784 | F29: =IFERROR(STDEV(F9:F17),"--") -> 0.41466184 | G29: =IFERROR(STDEV(G9:G17),"--") -> 0.38765678 | H29: =IFERROR(STDEV(H9:H17),"--") -> 0.42752518 | I29: =IFERROR(STDEV(I9:I17),"--") -> 0.39051248 | J29: =IFERROR(STDEV(J9:J17),"--") -> 0.73105707 | K29: =IFERROR(STDEV(K9:K17),"--") -> 1.6815172 | ... T29: =IFERROR(STDEV(T9:T17),"--") -> 4.8536069
B30: CPL | D30: =IFERROR(ABS((D27-D25)/(3*D29)),"--") -> 0.85850185 | E30: =IFERROR(ABS((E27-E25)/(3*E29)),"--") -> 1.0088257 | F30: =IFERROR(ABS((F27-F25)/(3*F29)),"--") -> 1.5452127 | G30: =IFERROR(ABS((G27-G25)/(3*G29)),"--") -> 1.9299241 | H30: =IFERROR(ABS((H27-H25)/(3*H29)),"--") -> 1.7499511 | I30: =IFERROR(ABS((I27-I25)/(3*I29)),"--") -> 1.8494216 | J30: =IFERROR(ABS((J27-J25)/(3*J29)),"--") -> 1.3324186 | K30: =IFERROR(ABS((K27-K25)/(3*K29)),"--") -> 0.29074273 | ... T30: =IFERROR(ABS((T27-T25)/(3*T29)),"--") -> 1.0301617
B31: CPU | D31: =IFERROR(ABS((D26-D27)/(3*D29)),"--") -> 1.3810682 | E31: =IFERROR(ABS((E26-E27)/(3*E29)),"--") -> 2.1041221 | F31: =IFERROR(ABS((F26-F27)/(3*F29)),"--") -> 1.6702588 | G31: =IFERROR(ABS((G26-G27)/(3*G29)),"--") -> 1.5095446 | H31: =IFERROR(ABS((H26-H27)/(3*H29)),"--") -> 1.3687736 | I31: =IFERROR(ABS((I26-I27)/(3*I29)),"--") -> 1.5648952 | J31: =IFERROR(ABS((J26-J27)/(3*J29)),"--") -> 1.4033459 | K31: =IFERROR(ABS((K26-K27)/(3*K29)),"--") -> 0.50219198 | ... T31: =IFERROR(ABS((T26-T27)/(3*T29)),"--") -> 1.1675166
B32: cpk | D32: =IFERROR(MIN(D30,D31),"--") -> 0.85850185 | E32: =IFERROR(MIN(E30,E31),"--") -> 1.0088257 | F32: =IFERROR(MIN(F30,F31),"--") -> 1.5452127 | G32: =IFERROR(MIN(G30,G31),"--") -> 1.5095446 | H32: =IFERROR(MIN(H30,H31),"--") -> 1.3687736 | I32: =IFERROR(MIN(I30,I31),"--") -> 1.5648952 | J32: =IFERROR(MIN(J30,J31),"--") -> 1.3324186 | K32: =IFERROR(MIN(K30,K31),"--") -> 0.29074273 | ... T32: =IFERROR(MIN(T30,T31),"--") -> 1.0301617
B33: cpk均值 | D33: =AVERAGE(D32:T32) -> 1.2726269

Sheet 30min3m
B1: 环温（℃） | D1: 23
A3: 设备信息 | B3: 测温范围 | D3: -40~150 | K3: 100~800 | U3: 单台设备通过个数 | V3: 单台设备不通过个数
B4: 黑体温度（℃） | D4: -10 | E4: 0 | F4: 20 | G4: 35 | H4: 50 | I4: 100 | J4: 150 | K4: 100 | L4: 150 | M4: 200 | N4: 250 | O4: 300 | P4: 350 | Q4: 400 | R4: 450 | S4: 650 | T4: 800
B5: 黑体类型 | D5: FLUKE 4180 | F5: Kelvin 低温黑体 | I5: Kelvin 中温黑体 | K5: Kelvin 中温黑体 | R5: Kelvin 高温黑体
B6: 黑体发射率 | D6: 1.0
B7: 测温距离（米） | D7: 5
B8: 测温时间（分钟） | D8: 30
B9: 设备SN号 | C9: 0001 | D9: -8.8 | E9: 1.5 | F9: 20.3 | G9: 34.6 | H9: 49.9 | I9: 99.8 | J9: 149.7 | K9: 99.6 | L9: 151 | M9: 200.8 | N9: 251.2 | O9: 300.7 | P9: 352.5 | Q9: 403.3 | R9: 454.3 | S9: 650.5 | T9: 797.7
C10: 0002 | D10: -8.2 | E10: 2.2 | F10: 20.3 | G10: 35.2 | H10: 50 | I10: 100.1 | J10: 150.5 | K10: 100.1 | L10: 150.1 | M10: 199.5 | N10: 248.4 | O10: 299 | P10: 348.6 | Q10: 399.3 | R10: 451.3 | S10: 654.5 | T10: 807.1
C11: 0003 | D11: -9.5 | E11: 0.8 | F11: 20 | G11: 34.7 | H11: 49.9 | I11: 100.2 | J11: 150.9 | K11: 100.4 | L11: 152.4 | M11: 201.9 | N11: 251.2 | O11: 301.8 | P11: 352.9 | Q11: 402.1 | R11: 453 | S11: 652.7 | T11: 802.8
C12: 0004 | D12: -9.3 | E12: 1 | F12: 20.2 | G12: 34.9 | H12: 50.1 | I12: 100.3 | J12: 149.8 | K12: 99.6 | L12: 150.1 | M12: 199.5 | N12: 249.1 | O12: 299.3 | P12: 349.2 | Q12: 400.1 | R12: 450.8 | S12: 650.6 | T12: 801.9
C13: 0005 | D13: -9.6 | E13: 1.6 | F13: 20.2 | G13: 35 | H13: 50.1 | I13: 100.6 | J13: 150.9 | K13: 98.8 | L13: 150 | M13: 199.5 | N13: 249.1 | O13: 300 | P13: 350.1 | Q13: 401.3 | R13: 452 | S13: 651.8 | T13: 805.1
C14: 0006 | D14: -7.9 | E14: 1.7 | F14: 20.4 | G14: 35 | H14: 50.1 | I14: 99.9 | J14: 149.5 | K14: 100.4 | L14: 150.6 | M14: 200.4 | N14: 248.8 | O14: 298.9 | P14: 348.6 | Q14: 399.6 | R14: 449.6 | S14: 647.5 | T14: 798.2
C15: 0007 | D15: -9 | E15: 0.9 | F15: 19.9 | G15: 34.4 | H15: 49.4 | I15: 99.8 | J15: 149.8 | K15: 98.7 | L15: 150.6 | M15: 200.4 | N15: 250.7 | O15: 301.4 | P15: 352.4 | Q15: 403.7 | R15: 454.3 | S15: 651.3 | T15: 802.6
C16: 0008 | D16: -9.1 | E16: 1.7 | F16: 20.2 | G16: 34.8 | H16: 50 | I16: 100.1 | J16: 150.8 | K16: 101.4 | L16: 151.4 | M16: 200.3 | N16: 249.9 | O16: 300.1 | P16: 350.7 | Q16: 401.5 | R16: 452.7 | S16: 653.1 | T16: 808.2
C17: 0009 | D17: -9 | E17: 0.3 | F17: 20.4 | G17: 34.6 | H17: 50 | I17: 99.9 | J17: 150 | K17: 99.3 | L17: 150.6 | M17: 201.2 | N17: 250.8 | O17: 301.7 | P17: 349.7 | Q17: 402.5 | R17: 453.6 | S17: 650.9 | T17: 798.3
A18: 整体情况 | B18: 精度（±x℃或±x%℃） | D18: 3 | E18: 3 | F18: 2 | G18: 2 | H18: 2 | I18: 2 | J18: 2 | K18: 2 | L18: 2 | M18: 2 | N18: 2 | O18: 2 | P18: 2 | Q18: 2 | R18: 2 | S18: 2 | T18: 2
B19: 允许误差（℃） | D19: =MAX(D18,D4*D18/100) -> 3 | E19: =MAX(E18,E4*E18/100) -> 3 | F19: =MAX(F18,F4*F18/100) -> 2 | G19: =MAX(G18,G4*G18/100) -> 2 | H19: =MAX(H18,H4*H18/100) -> 2 | I19: =MAX(I18,I4*I18/100) -> 2 | J19: =MAX(J18,J4*J18/100) -> 3 | K19: =MAX(K18,K4*K18/100) -> 2 | ... T19: =MAX(T18,T4*T18/100) -> 16
B20: 精度上限 | D20: =D4+D19 -> -7 | E20: =E4+E19 -> 3 | F20: =F4+F19 -> 22 | G20: =G4+G19 -> 37 | H20: =H4+H19 -> 52 | I20: =I4+I19 -> 102 | J20: =J4+J19 -> 153 | K20: =K4+K19 -> 102 | ... T20: =T4+T19 -> 816
B21: 精度下限 | D21: =D4-D19 -> -13 | E21: =E4-E19 -> -3 | F21: =F4-F19 -> 18 | G21: =G4-G19 -> 33 | H21: =H4-H19 -> 48 | I21: =I4-I19 -> 98 | J21: =J4-J19 -> 147 | K21: =K4-K19 -> 98 | ... T21: =T4-T19 -> 784
B22: 通过个数 | D22: =COUNTIFS(D9:D17,"<"&D20,D9:D17,">"&D21) -> 9 | E22: =COUNTIFS(E9:E17,"<"&E20,E9:E17,">"&E21) -> 9 | F22: =COUNTIFS(F9:F17,"<"&F20,F9:F17,">"&F21) -> 9 | G22: =COUNTIFS(G9:G17,"<"&G20,G9:G17,">"&G21) -> 9 | H22: =COUNTIFS(H9:H17,"<"&H20,H9:H17,">"&H21) -> 9 | I22: =COUNTIFS(I9:I17,"<"&I20,I9:I17,">"&I21) -> 9 | J22: =COUNTIFS(J9:J17,"<"&J20,J9:J17,">"&J21) -> 9 | K22: =COUNTIFS(K9:K17,"<"&K20,K9:K17,">"&K21) -> 9 | ... T22: =COUNTIFS(T9:T17,"<"&T20,T9:T17,">"&T21) -> 9
B23: 不通过个数 | D23: =COUNTA(D9:D17)-D22 -> 0 | E23: =COUNTA(E9:E17)-E22 -> 0 | F23: =COUNTA(F9:F17)-F22 -> 0 | G23: =COUNTA(G9:G17)-G22 -> 0 | H23: =COUNTA(H9:H17)-H22 -> 0 | I23: =COUNTA(I9:I17)-I22 -> 0 | J23: =COUNTA(J9:J17)-J22 -> 0 | K23: =COUNTA(K9:K17)-K22 -> 0 | ... T23: =COUNTA(T9:T17)-T22 -> 0
B24: 通过率 | D24: =IFERROR((D22/(D22+D23)),"--") -> 1 | E24: =IFERROR((E22/(E22+E23)),"--") -> 1 | F24: =IFERROR((F22/(F22+F23)),"--") -> 1 | G24: =IFERROR((G22/(G22+G23)),"--") -> 1 | H24: =IFERROR((H22/(H22+H23)),"--") -> 1 | I24: =IFERROR((I22/(I22+I23)),"--") -> 1 | J24: =IFERROR((J22/(J22+J23)),"--") -> 1 | K24: =IFERROR((K22/(K22+K23)),"--") -> 1 | ... T24: =IFERROR((T22/(T22+T23)),"--") -> 1
A25: CPK | B25: LSL（规格下限） | D25: =D20 -> -7 | E25: =E20 -> 3 | F25: =F20 -> 22 | G25: =G20 -> 37 | H25: =H20 -> 52 | I25: =I20 -> 102 | J25: =J20 -> 153 | K25: =K20 -> 102 | ... T25: =T20 -> 816
B26: USL（规格上限） | D26: =D21 -> -13 | E26: =E21 -> -3 | F26: =F21 -> 18 | G26: =G21 -> 33 | H26: =H21 -> 48 | I26: =I21 -> 98 | J26: =J21 -> 147 | K26: =K21 -> 98 | ... T26: =T21 -> 784
B27: 均值 | D27: =IFERROR(AVERAGE(D9:D17),"--") -> -8.9333333 | E27: =IFERROR(AVERAGE(E9:E17),"--") -> 1.3 | F27: =IFERROR(AVERAGE(F9:F17),"--") -> 20.211111 | G27: =IFERROR(AVERAGE(G9:G17),"--") -> 34.8 | H27: =IFERROR(AVERAGE(H9:H17),"--") -> 49.944444 | I27: =IFERROR(AVERAGE(I9:I17),"--") -> 100.07778 | J27: =IFERROR(AVERAGE(J9:J17),"--") -> 150.21111 | K27: =IFERROR(AVERAGE(K9:K17),"--") -> 99.811111 | ... T27: =IFERROR(AVERAGE(T9:T17),"--") -> 802.43333
B28: 平均误差 | D28: =IFERROR(D27-D4,"--") -> 1.0666667 | E28: =IFERROR(E27-E4,"--") -> 1.3 | F28: =IFERROR(F27-F4,"--") -> 0.21111111 | G28: =IFERROR(G27-G4,"--") -> -0.2 | H28: =IFERROR(H27-H4,"--") -> -0.055555556 | I28: =IFERROR(I27-I4,"--") -> 0.077777778 | J28: =IFERROR(J27-J4,"--") -> 0.21111111 | K28: =IFERROR(K27-K4,"--") -> -0.18888889 | ... T28: =IFERROR(T27-T4,"--") -> 2.4333333
B29: 均方误差 | D29: =IFERROR(STDEV(D9:D17),"--") -> 0.56568542 | E29: =IFERROR(STDEV(E9:E17),"--") -> 0.58736701 | F29: =IFERROR(STDEV(F9:F17),"--") -> 0.16914819 | G29: =IFERROR(STDEV(G9:G17),"--") -> 0.25 | H29: =IFERROR(STDEV(H9:H17),"--") -> 0.21858128 | I29: =IFERROR(STDEV(I9:I17),"--") -> 0.26352314 | J29: =IFERROR(STDEV(J9:J17),"--") -> 0.56223759 | K29: =IFERROR(STDEV(K9:K17),"--") -> 0.85942487 | ... T29: =IFERROR(STDEV(T9:T17),"--") -> 3.8729833
B30: CPL | D30: =IFERROR(ABS((D27-D25)/(3*D29)),"--") -> 1.1392276 | E30: =IFERROR(ABS((E27-E25)/(3*E29)),"--") -> 0.9647574 | F30: =IFERROR(ABS((F27-F25)/(3*F29)),"--") -> 3.5252892 | G30: =IFERROR(ABS((G27-G25)/(3*G29)),"--") -> 2.9333333 | H30: =IFERROR(ABS((H27-H25)/(3*H29)),"--") -> 3.1346928 | I30: =IFERROR(ABS((I27-I25)/(3*I29)),"--") -> 2.4314402 | J30: =IFERROR(ABS((J27-J25)/(3*J29)),"--") -> 1.6534462 | K30: =IFERROR(ABS((K27-K25)/(3*K29)),"--") -> 0.8489743 | ... T30: =IFERROR(ABS((T27-T25)/(3*T29)),"--") -> 1.1676328
B31: CPU | D31: =IFERROR(ABS((D26-D27)/(3*D29)),"--") -> 2.3963063 | E31: =IFERROR(ABS((E26-E27)/(3*E29)),"--") -> 2.4402687 | F31: =IFERROR(ABS((F26-F27)/(3*F29)),"--") -> 4.357345 | G31: =IFERROR(ABS((G26-G27)/(3*G29)),"--") -> 2.4 | H31: =IFERROR(ABS((H26-H27)/(3*H29)),"--") -> 2.96525 | I31: =IFERROR(ABS((I26-I27)/(3*I29)),"--") -> 2.6282041 | J31: =IFERROR(ABS((J26-J27)/(3*J29)),"--") -> 1.9037688 | K31: =IFERROR(ABS((K26-K27)/(3*K29)),"--") -> 0.70245082 | ... T31: =IFERROR(ABS((T26-T27)/(3*T29)),"--") -> 1.5864887
B32: cpk | D32: =IFERROR(MIN(D30,D31),"--") -> 1.1392276 | E32: =IFERROR(MIN(E30,E31),"--") -> 0.9647574 | F32: =IFERROR(MIN(F30,F31),"--") -> 3.5252892 | G32: =IFERROR(MIN(G30,G31),"--") -> 2.4 | H32: =IFERROR(MIN(H30,H31),"--") -> 2.96525 | I32: =IFERROR(MIN(I30,I31),"--") -> 2.4314402 | J32: =IFERROR(MIN(J30,J31),"--") -> 1.6534462 | K32: =IFERROR(MIN(K30,K31),"--") -> 0.70245082 | ... T32: =IFERROR(MIN(T30,T31),"--") -> 1.1676328
B33: cpk均值 | D33: =AVERAGE(D32:T32) -> 1.6764652

Sheet 10min3m
B1: 环温（℃） | D1: 23
A3: 设备信息 | B3: 测温范围 | D3: -40~150 | K3: 100~800 | U3: 单台设备通过个数 | V3: 单台设备不通过个数
B4: 黑体温度（℃） | D4: -10 | E4: 0 | F4: 20 | G4: 35 | H4: 50 | I4: 100 | J4: 150 | K4: 100 | L4: 150 | M4: 200 | N4: 250 | O4: 300 | P4: 350 | Q4: 400 | R4: 450 | S4: 650 | T4: 800
B5: 黑体类型 | D5: FLUKE 4180 | F5: Kelvin 低温黑体 | I5: Kelvin 中温黑体 | K5: Kelvin 中温黑体 | R5: Kelvin 高温黑体
B6: 黑体发射率 | D6: 1.0
B7: 测温距离（米） | D7: 3
B8: 测温时间（分钟） | D8: 10
B9: 设备SN号 | C9: 0001 | D9: -8.8 | E9: 1.1 | F9: 20.4 | G9: 34.6 | H9: 49.9 | I9: 100.1 | J9: 150.3 | K9: 98.7 | L9: 150.5 | M9: 200.4 | N9: 250.1 | O9: 300.7 | P9: 350.9 | Q9: 401.5 | R9: 451.9 | S9: 651.3 | T9: 799.3 | U9: =COUNTA(A) -> 1
C10: 0002 | D10: -8.1 | E10: 2.6 | F10: 20.6 | G10: 35.5 | H10: 50.1 | I10: 100.1 | J10: 150.5 | K10: 100.1 | L10: 150.1 | M10: 199.5 | N10: 249 | O10: 299.6 | P10: 350.6 | Q10: 400.7 | R10: 451.8 | S10: 651.6 | T10: 807.8
C11: 0003 | D11: -10.5 | E11: -0.3 | F11: 19.5 | G11: 34.3 | H11: 49.3 | I11: 100.2 | J11: 150.6 | K11: 101.1 | L11: 152.4 | M11: 201.9 | N11: 250.7 | O11: 302.1 | P11: 352.9 | Q11: 403.2 | R11: 453.1 | S11: 655.3 | T11: 808.7
C12: 0004 | D12: -9.2 | E12: 0.8 | F12: 20.4 | G12: 35.2 | H12: 50.4 | I12: 100.5 | J12: 150.5 | K12: 100.3 | L12: 151.1 | M12: 200.4 | N12: 249.7 | O12: 300.6 | P12: 350.3 | Q12: 401.3 | R12: 451.7 | S12: 651.8 | T12: 805.9
C13: 0005 | D13: -10.4 | E13: 0.9 | F13: 20 | G13: 34.6 | H13: 49.6 | I13: 100.1 | J13: 151 | K13: 99.5 | L13: 150.1 | M13: 199.4 | N13: 248.6 | O13: 299.5 | P13: 350.1 | Q13: 400.8 | R13: 450.2 | S13: 651 | T13: 807.6
C14: 0006 | D14: -7.3 | E14: 2 | F14: 20.6 | G14: 35.4 | H14: 50.1 | I14: 100.1 | J14: 150.2 | K14: 99.7 | L14: 150.6 | M14: 199.8 | N14: 249.1 | O14: 299.4 | P14: 349.7 | Q14: 399.8 | R14: 450.2 | S14: 648.1 | T14: 798.9 | U14: =COUNTA(A) -> 1
C15: 0007 | D15: -9.2 | E15: 1.1 | F15: 19.8 | G15: 34.2 | H15: 49.3 | I15: 99.6 | J15: 149.7 | K15: 98.6 | L15: 150.1 | M15: 199.9 | N15: 249.6 | O15: 300.4 | P15: 350.2 | Q15: 402.3 | R15: 452.4 | S15: 651.9 | T15: 805.1
C16: 0008 | D16: -9.1 | E16: 0.7 | F16: 19.8 | G16: 34.7 | H16: 50.2 | I16: 100.2 | J16: 151.1 | K16: 100.4 | L16: 150.5 | M16: 199.3 | N16: 248.3 | O16: 299 | P16: 349.5 | Q16: 400 | R16: 452.7 | S16: 654.9 | T16: 808.3
C17: 0009 | D17: -10.7 | E17: 0.3 | F17: 20.1 | G17: 34.8 | H17: 50.3 | I17: 100.3 | J17: 150.8 | K17: 99.3 | L17: 150.3 | M17: 200.3 | N17: 250 | O17: 301 | P17: 351.5 | Q17: 402.2 | R17: 452.9 | S17: 648.8 | T17: 800.4
A18: 整体情况 | B18: 精度（±x℃或±x%℃） | D18: 3 | E18: 3 | F18: 2 | G18: 2 | H18: 2 | I18: 2 | J18: 2 | K18: 2 | L18: 2 | M18: 2 | N18: 2 | O18: 2 | P18: 2 | Q18: 2 | R18: 2 | S18: 2 | T18: 2
B19: 允许误差（℃） | D19: =MAX(D18,D4*D18/100) -> 3 | E19: =MAX(E18,E4*E18/100) -> 3 | F19: =MAX(F18,F4*F18/100) -> 2 | G19: =MAX(G18,G4*G18/100) -> 2 | H19: =MAX(H18,H4*H18/100) -> 2 | I19: =MAX(I18,I4*I18/100) -> 2 | J19: =MAX(J18,J4*J18/100) -> 3 | K19: =MAX(K18,K4*K18/100) -> 2 | ... T19: =MAX(T18,T4*T18/100) -> 16
B20: 精度上限 | D20: =D4+D19 -> -7 | E20: =E4+E19 -> 3 | F20: =F4+F19 -> 22 | G20: =G4+G19 -> 37 | H20: =H4+H19 -> 52 | I20: =I4+I19 -> 102 | J20: =J4+J19 -> 153 | K20: =K4+K19 -> 102 | ... T20: =T4+T19 -> 816
B21: 精度下限 | D21: =D4-D19 -> -13 | E21: =E4-E19 -> -3 | F21: =F4-F19 -> 18 | G21: =G4-G19 -> 33 | H21: =H4-H19 -> 48 | I21: =I4-I19 -> 98 | J21: =J4-J19 -> 147 | K21: =K4-K19 -> 98 | ... T21: =T4-T19 -> 784
B22: 通过个数 | D22: =COUNTIFS(D9:D17,"<"&D20,D9:D17,">"&D21) -> 9 | E22: =COUNTIFS(E9:E17,"<"&E20,E9:E17,">"&E21) -> 9 | F22: =COUNTIFS(F9:F17,"<"&F20,F9:F17,">"&F21) -> 9 | G22: =COUNTIFS(G9:G17,"<"&G20,G9:G17,">"&G21) -> 9 | H22: =COUNTIFS(H9:H17,"<"&H20,H9:H17,">"&H21) -> 9 | I22: =COUNTIFS(I9:I17,"<"&I20,I9:I17,">"&I21) -> 9 | J22: =COUNTIFS(J9:J17,"<"&J20,J9:J17,">"&J21) -> 9 | K22: =COUNTIFS(K9:K17,"<"&K20,K9:K17,">"&K21) -> 9 | ... T22: =COUNTIFS(T9:T17,"<"&T20,T9:T17,">"&T21) -> 9
B23: 不通过个数 | D23: =COUNTA(D9:D17)-D22 -> 0 | E23: =COUNTA(E9:E17)-E22 -> 0 | F23: =COUNTA(F9:F17)-F22 -> 0 | G23: =COUNTA(G9:G17)-G22 -> 0 | H23: =COUNTA(H9:H17)-H22 -> 0 | I23: =COUNTA(I9:I17)-I22 -> 0 | J23: =COUNTA(J9:J17)-J22 -> 0 | K23: =COUNTA(K9:K17)-K22 -> 0 | ... T23: =COUNTA(T9:T17)-T22 -> 0
B24: 通过率 | D24: =IFERROR((D22/(D22+D23)),"--") -> 1 | E24: =IFERROR((E22/(E22+E23)),"--") -> 1 | F24: =IFERROR((F22/(F22+F23)),"--") -> 1 | G24: =IFERROR((G22/(G22+G23)),"--") -> 1 | H24: =IFERROR((H22/(H22+H23)),"--") -> 1 | I24: =IFERROR((I22/(I22+I23)),"--") -> 1 | J24: =IFERROR((J22/(J22+J23)),"--") -> 1 | K24: =IFERROR((K22/(K22+K23)),"--") -> 1 | ... T24: =IFERROR((T22/(T22+T23)),"--") -> 1
A25: CPK | B25: LSL（规格下限） | D25: =D20 -> -7 | E25: =E20 -> 3 | F25: =F20 -> 22 | G25: =G20 -> 37 | H25: =H20 -> 52 | I25: =I20 -> 102 | J25: =J20 -> 153 | K25: =K20 -> 102 | ... T25: =T20 -> 816
B26: USL（规格上限） | D26: =D21 -> -13 | E26: =E21 -> -3 | F26: =F21 -> 18 | G26: =G21 -> 33 | H26: =H21 -> 48 | I26: =I21 -> 98 | J26: =J21 -> 147 | K26: =K21 -> 98 | ... T26: =T21 -> 784
B27: 均值 | D27: =IFERROR(AVERAGE(D9:D17),"--") -> -9.2555556 | E27: =IFERROR(AVERAGE(E9:E17),"--") -> 1.0222222 | F27: =IFERROR(AVERAGE(F9:F17),"--") -> 20.133333 | G27: =IFERROR(AVERAGE(G9:G17),"--") -> 34.811111 | H27: =IFERROR(AVERAGE(H9:H17),"--") -> 49.911111 | I27: =IFERROR(AVERAGE(I9:I17),"--") -> 100.13333 | J27: =IFERROR(AVERAGE(J9:J17),"--") -> 150.52222 | K27: =IFERROR(AVERAGE(K9:K17),"--") -> 99.744444 | ... T27: =IFERROR(AVERAGE(T9:T17),"--") -> 804.66667
B28: 平均误差 | D28: =IFERROR(D27-D4,"--") -> 0.74444444 | E28: =IFERROR(E27-E4,"--") -> 1.0222222 | F28: =IFERROR(F27-F4,"--") -> 0.13333333 | G28: =IFERROR(G27-G4,"--") -> -0.18888889 | H28: =IFERROR(H27-H4,"--") -> -0.088888889 | I28: =IFERROR(I27-I4,"--") -> 0.13333333 | J28: =IFERROR(J27-J4,"--") -> 0.52222222 | K28: =IFERROR(K27-K4,"--") -> -0.25555556 | ... T28: =IFERROR(T27-T4,"--") -> 4.6666667
B29: 均方误差 | D29: =IFERROR(STDEV(D9:D17),"--") -> 1.1370039 | E29: =IFERROR(STDEV(E9:E17),"--") -> 0.85845468 | F29: =IFERROR(STDEV(F9:F17),"--") -> 0.39051248 | G29: =IFERROR(STDEV(G9:G17),"--") -> 0.46218082 | H29: =IFERROR(STDEV(H9:H17),"--") -> 0.41666667 | I29: =IFERROR(STDEV(I9:I17),"--") -> 0.23979158 | J29: =IFERROR(STDEV(J9:J17),"--") -> 0.42946996 | K29: =IFERROR(STDEV(K9:K17),"--") -> 0.81870494 | ... T29: =IFERROR(STDEV(T9:T17),"--") -> 4.0289577
B30: CPL | D30: =IFERROR(ABS((D27-D25)/(3*D29)),"--") -> 0.66125708 | E30: =IFERROR(ABS((E27-E25)/(3*E29)),"--") -> 0.76796047 | F30: =IFERROR(ABS((F27-F25)/(3*F29)),"--") -> 1.5933478 | G30: =IFERROR(ABS((G27-G25)/(3*G29)),"--") -> 1.578667 | H30: =IFERROR(ABS((H27-H25)/(3*H29)),"--") -> 1.6711111 | I30: =IFERROR(ABS((I27-I25)/(3*I29)),"--") -> 2.594846 | J30: =IFERROR(ABS((J27-J25)/(3*J29)),"--") -> 1.9231285 | K30: =IFERROR(ABS((K27-K25)/(3*K29)),"--") -> 0.91834288 | ... T30: =IFERROR(ABS((T27-T25)/(3*T29)),"--") -> 0.93765636
B31: CPU | D31: =IFERROR(ABS((D26-D27)/(3*D29)),"--") -> 1.0977519 | E31: =IFERROR(ABS((E26-E27)/(3*E29)),"--") -> 1.5618072 | F31: =IFERROR(ABS((F26-F27)/(3*F29)),"--") -> 1.820969 | G31: =IFERROR(ABS((G26-G27)/(3*G29)),"--") -> 1.3062067 | H31: =IFERROR(ABS((H26-H27)/(3*H29)),"--") -> 1.5288889 | I31: =IFERROR(ABS((I26-I27)/(3*I29)),"--") -> 2.9655383 | J31: =IFERROR(ABS((J26-J27)/(3*J29)),"--") -> 2.7337746 | K31: =IFERROR(ABS((K26-K27)/(3*K29)),"--") -> 0.71024548 | ... T31: =IFERROR(ABS((T26-T27)/(3*T29)),"--") -> 1.7098439
B32: cpk | D32: =IFERROR(MIN(D30,D31),"--") -> 0.66125708 | E32: =IFERROR(MIN(E30,E31),"--") -> 0.76796047 | F32: =IFERROR(MIN(F30,F31),"--") -> 1.5933478 | G32: =IFERROR(MIN(G30,G31),"--") -> 1.3062067 | H32: =IFERROR(MIN(H30,H31),"--") -> 1.5288889 | I32: =IFERROR(MIN(I30,I31),"--") -> 2.594846 | J32: =IFERROR(MIN(J30,J31),"--") -> 1.9231285 | K32: =IFERROR(MIN(K30,K31),"--") -> 0.71024548 | ... T32: =IFERROR(MIN(T30,T31),"--") -> 0.93765636
B33: cpk均值 | D33: =AVERAGE(D32:T32) -> 1.5564809
